Burst,Arrival time,S/N,Width,Fluence,Wait time
,(Topocentric MJD),,(ms),(Jy ms),(s)
1,58736.14855,12.2,6.3,0.18(2),...
2,58736.16565,97.7,2,0.83(8),1477.65
3,58736.16566,58.4,3.7,0.68(7),1.46
4,58736.16694,15.5,12,0.32(4),110.43
5,58736.18484,108,2.1,0.95(9),1546.28
6,58736.2002,39,2.5,0.37(4),1327.31
7,58736.21155,112.8,10.7,2.23(22),980.85
8,58736.23518,88.7,2.6,0.87(9),2040.95
9,58736.24062,45.6,2.3,0.42(4),470.6
10,58736.24786,32.7,4.2,0.40(4),624.95
11,58736.25422,208.8,10.7,4.13(41),549.4