{"bursts": {"Michilli18a": [57747.1295649013, 57747.1371866766, 57747.1462710273, 57747.1515739398, 57747.1544674919, 57747.1602892954, 57747.1603436945, 57747.1658277033, 57747.1663749941, 57747.1759674338, 57748.1256436428, 57748.1535244366, 57748.1552149312, 57748.1576076618, 57748.1756968287, 57772.1290302972], "Spitler18a": [57620.39222, 57620.39407, 57620.39963], "Zhang18a": [57991.4099040442, 57991.4099297208, 57991.4100218264, 57991.410069613, 57991.4115584078, 57991.4120856083, 57991.4123121182, 57991.41276472, 57991.4127648858, 57991.4129264759, 57991.4130198711, 57991.4133625264, 57991.4134587642, 57991.4137066537, 57991.413837058, 57991.4161323109, 57991.4161852305, 57991.4162078619, 57991.4164367935, 57991.4166333622, 57991.4172693722, 57991.4173807378, 57991.4177147221, 57991.4178655533, 57991.4186272003, 57991.4190286984, 57991.4194498856, 57991.4194499461, 57991.4194499686, 57991.4194626399, 57991.4194628627, 57991.4208678576, 57991.4212129047, 57991.4217126673, 57991.422121351, 57991.4221369638, 57991.4229394568, 57991.4230051411, 57991.4242706565, 57991.4245389367, 57991.4259189384, 57991.4263938242, 57991.4265525154, 57991.4283922705, 57991.4285925362, 57991.4304279044, 57991.4310964736, 57991.4316717532, 57991.4319740079, 57991.4322755018, 57991.4348352197, 57991.4351975268, 57991.4365574396, 57991.4378495339, 57991.4384886807, 57991.4393606779, 57991.4462115554, 57991.4469883544, 57991.4479291105, 57991.4480478257, 57991.4484276509, 57991.4501848147, 57991.4504676214, 57991.4530398739, 57991.4585129735, 57991.460868116, 57991.4637145928, 57991.4639392978, 57991.4639392697, 57991.470186359, 57991.471146087, 57991.4728729109, 57991.4800317945, 57991.4886031426, 57991.4931590534, 57991.4975097257, 57991.4983866613, 57991.4988154972, 57991.5108569357, 57991.5131083628, 57991.5192305588, 57991.5192305898, 57991.5593958795, 57991.5628198735, 57991.5694474415, 57991.5710018046, 57991.5744448464, 57991.5881495443, 57991.5905111113, 57991.592111325, 57991.5954276026, 57991.5957594875, 57991.6022637323], "CalebEffelsberg20a": []}, "obs_duration": {"Michilli18a": [4146.0, 2378.0, 6703.0, 6806.0, 5901.0, 2700.0, 5588.0, 2893.0, 2350.0, 1904.0, 2919.0, 2779.0], "Spitler18a": [4320.0, 4320.0, 1440.0, 1440.0, 1440.0, 1440.0, 1440.0, 1440.0, 1440.0, 1440.0, 1440.0, 1440.0, 1440.0, 1200.0, 1200.0, 1200.0, 1200.0, 1200.0, 1200.0, 1200.0, 1200.0, 5898.0, 10692.0, 10200.0, 9600.0, 9000.0], "Zhang18a": [18000.0], "CalebEffelsberg20a": [14400.0, 21600.0]}, "obs_startmjds": {"Michilli18a": [57717.2018171, 57717.25, 57747.1172685, 57748.1141435, 57772.0590625, 57806.9996759, 57813.934294, 57821.9134144, 57858.8624769, 57865.8491782, 57872.8160417, 57900.7106597], "Spitler18a": [57522.49436, 57522.54448, 57522.72391, 57522.74071, 57523.70943, 57523.72623, 57523.79333, 57531.69461, 57531.7114, 57531.77853, 57531.79532, 57599.31598, 57599.33275, 57599.39998, 57599.41399, 57620.23729, 57620.2513, 57620.30737, 57620.32137, 57620.37744, 57620.39144, 57641.40403, 57642.38697, 57647.37051, 57648.36963, 57649.37338], "Zhang18a": [57991.40971622244], "CalebEffelsberg20a": [58762.18402777778, 58764.072916666664]}, "bursts_per_obs": {"Michilli18a": [0, 0, 10, 5, 1, 0, 0, 0, 0, 0, 0, 0], "Spitler18a": [0, 0, 0, 0, 0, 0, 0, 0, 0, 0, 0, 0, 0, 0, 0, 0, 0, 0, 0, 0, 3, 0, 0, 0, 0, 0], "Zhang18a": [93], "CalebEffelsberg20a": [0, 0]}, "obs_tels": {"Michilli18a": "Arecibo", "Spitler18a": "Effelsberg", "Zhang18a": "GBT", "CalebEffelsberg20a": "Effelsberg"}, "obs_freqs": {"Michilli18a": 4.5, "Spitler18a": 4.85, "Zhang18a": 6, "CalebEffelsberg20a": 5}, "references": {"Michilli18a": ["https://ui.adsabs.harvard.edu/abs/2018Natur.553..182M/abstract"], "Spitler18a": ["https://ui.adsabs.harvard.edu/abs/2018ApJ...863..150S/abstract"], "Zhang18a": ["https://ui.adsabs.harvard.edu/abs/2018ApJ...866..149Z/abstract"], "CalebEffelsberg20a": "https://ui.adsabs.harvard.edu/abs/2020MNRAS.496.4565C/abstract"}}