No.,TOA (MJD),Integrated peak flux (Jy),Fluence (Jy ms),Gaussian FWHM (ms),Integrated S/N
I,57635.2674,0.12 ± 0.02,0.5 ± 0.1,4.6 ± 0.6,10
II,57635.27528,0.41 ± 0.06,0.7 ± 0.1,1.8 ± 0.1,22
III,57635.29793,0.14 ± 0.02,1.0 ± 0.2,7.1 ± 0.6,15
IV,57635.31998,0.17 ± 0.03,0.6 ± 0.1,3.7 ± 0.4,13
V,57635.39286,0.8 ± 0.1,2.4 ± 0.4,3.15 ± 0.08,54
VI,57650.26812,0.22 ± 0.03,0.7 ± 0.1,3.3 ± 0.3,16
VII,57650.29484,0.26 ± 0.04,1.9 ± 0.3,7.5 ± 0.3,28
VIII,57650.34542,0.19 ± 0.03,0.9 ± 0.2,4.7 ± 0.4,17
IX,57650.35531,0.8 ± 0.1,2.7 ± 0.4,3.32 ± 0.07,61